﻿<?xml version="1.0" encoding="UTF-8"?>
<Root version="4">
  <CyStates>
    <CyNormalState>
      <Left>358</Left>
      <Top>210.446666666667</Top>
      <Width>83</Width>
      <Height>70</Height>
      <Name>STATE0</Name>
      <DisplayName>DMAWAIT</DisplayName>
      <zIndex>1</zIndex>
      <IsGroup>False</IsGroup>
      <ParentID>00000000-0000-0000-0000-000000000000</ParentID>
    </CyNormalState>
    <CyNormalState>
      <Left>574</Left>
      <Top>366</Top>
      <Width>83</Width>
      <Height>70</Height>
      <Name>STATE1</Name>
      <DisplayName>WRITEDATA</DisplayName>
      <zIndex>1</zIndex>
      <IsGroup>False</IsGroup>
      <ParentID>00000000-0000-0000-0000-000000000000</ParentID>
    </CyNormalState>
    <CyNormalState>
      <Left>732</Left>
      <Top>366.41</Top>
      <Width>83</Width>
      <Height>70</Height>
      <Name>STATE2</Name>
      <DisplayName>READDATA</DisplayName>
      <zIndex>1</zIndex>
      <IsGroup>False</IsGroup>
      <ParentID>00000000-0000-0000-0000-000000000000</ParentID>
    </CyNormalState>
    <CyStartState>
      <Left>352</Left>
      <Top>43.4466666666667</Top>
      <Width>83</Width>
      <Height>70</Height>
      <Name>STARTSTATE0</Name>
      <DisplayName>START</DisplayName>
      <zIndex>1</zIndex>
      <IsGroup>False</IsGroup>
      <ParentID>00000000-0000-0000-0000-000000000000</ParentID>
    </CyStartState>
  </CyStates>
  <CyTransitions>
    <CyTransition>
      <Name>TRANSITION2</Name>
      <TransitionEquation>!DMA_RDY_TH0</TransitionEquation>
      <SourceName>STATE1</SourceName>
      <SinkName>STATE0</SinkName>
      <SourceConnectorName>Connector</SourceConnectorName>
      <SinkConnectorName>Connector</SinkConnectorName>
      <SourceArrowSymbol>None</SourceArrowSymbol>
      <SinkArrowSymbol>Arrow</SinkArrowSymbol>
      <zIndex>0</zIndex>
    </CyTransition>
    <CyTransition>
      <Name>TRANSITION1</Name>
      <TransitionEquation>DMA_RDY_TH0</TransitionEquation>
      <SourceName>STATE0</SourceName>
      <SinkName>STATE1</SinkName>
      <SourceConnectorName>Connector</SourceConnectorName>
      <SinkConnectorName>Connector</SinkConnectorName>
      <SourceArrowSymbol>None</SourceArrowSymbol>
      <SinkArrowSymbol>Arrow</SinkArrowSymbol>
      <zIndex>0</zIndex>
    </CyTransition>
    <CyTransition>
      <Name>TRANSITION0</Name>
      <TransitionEquation>LOGIC_ONE</TransitionEquation>
      <SourceName>STARTSTATE0</SourceName>
      <SinkName>STATE0</SinkName>
      <SourceConnectorName>Connector</SourceConnectorName>
      <SinkConnectorName>Connector</SinkConnectorName>
      <SourceArrowSymbol>None</SourceArrowSymbol>
      <SinkArrowSymbol>Arrow</SinkArrowSymbol>
      <zIndex>0</zIndex>
    </CyTransition>
  </CyTransitions>
</Root>