﻿<?xml version="1.0" encoding="UTF-8"?>
<GPIFIIModel version="3">
  <InterfaceDefination>
    <InterfaceSetting>
      <I2SEnabled>False</I2SEnabled>
      <I2CEnabled>False</I2CEnabled>
      <SPIEnabled>False</SPIEnabled>
      <I2SEnabled>True</I2SEnabled>
      <ADMuxedEnabled>False</ADMuxedEnabled>
      <InterfaceType>Master</InterfaceType>
      <CommunicationType>Synchronous</CommunicationType>
      <ClockSource>Internal</ClockSource>
      <ClockEdge>Positive</ClockEdge>
      <Endianness>LittleEndian</Endianness>
      <DataBusWidth>Bit8</DataBusWidth>
      <AddressBuswidth>0</AddressBuswidth>
    </InterfaceSetting>
  </InterfaceDefination>
  <Signals>
    <Signal ElementId="OUTPUT0" SignalType="Output" SpecialFunction="None">
      <DisplayName>CS_Bin</DisplayName>
      <GPIOPinNumber>GPIO_17</GPIOPinNumber>
      <IntialValue>Low</IntialValue>
      <Polarity>ActiveHigh</Polarity>
      <Delay>Alpha</Delay>
      <AssetionType>Assert</AssetionType>
    </Signal>
    <Signal ElementId="OUTPUT1" SignalType="Output" SpecialFunction="None">
      <DisplayName>CS_ToT</DisplayName>
      <GPIOPinNumber>GPIO_18</GPIOPinNumber>
      <IntialValue>Low</IntialValue>
      <Polarity>ActiveHigh</Polarity>
      <Delay>Alpha</Delay>
      <AssetionType>Assert</AssetionType>
    </Signal>
    <Signal ElementId="INPUT1" SignalType="Input" SpecialFunction="None">
      <DisplayName>Wakeup</DisplayName>
      <GPIOPinNumber>GPIO_20</GPIOPinNumber>
      <Polarity>ActiveHigh</Polarity>
    </Signal>
    <Signal ElementId="OUTPUT2" SignalType="Output" SpecialFunction="None">
      <DisplayName>Reset</DisplayName>
      <GPIOPinNumber>GPIO_22</GPIOPinNumber>
      <IntialValue>Low</IntialValue>
      <Polarity>ActiveHigh</Polarity>
      <Delay>Alpha</Delay>
      <AssetionType>Assert</AssetionType>
    </Signal>
  </Signals>
  <StateMachine>
    <AddressCounter />
    <DataCounter />
    <ControlCounter />
    <AddressComparator />
    <DataComparator />
    <ControlComparator />
    <DRQ />
    <AddrData />
    <State ElementId="STARTSTATE0" StateType="StartState">
      <DisplayName>START</DisplayName>
      <RepeatUntillNextTransition>True</RepeatUntillNextTransition>
      <RepeatCount>0</RepeatCount>
    </State>
    <State ElementId="STATE0" StateType="NormalState">
      <DisplayName>DMAWAIT</DisplayName>
      <RepeatUntillNextTransition>True</RepeatUntillNextTransition>
      <RepeatCount>0</RepeatCount>
    </State>
    <State ElementId="STATE1" StateType="NormalState">
      <DisplayName>WRITEDATA</DisplayName>
      <RepeatUntillNextTransition>True</RepeatUntillNextTransition>
      <RepeatCount>0</RepeatCount>
      <Action ElementId="DR_DATA0" ActionType="DR_DATA">
        <IsDataCounterConnected>False</IsDataCounterConnected>
        <DataSourceSink>Socket</DataSourceSink>
        <ThreadNumber>Thread1</ThreadNumber>
        <SyncBurstMode>Enable</SyncBurstMode>
        <DriveNewData>DriveNewData</DriveNewData>
        <UpdateSource>True</UpdateSource>
      </Action>
    </State>
    <State ElementId="STATE2" StateType="NormalState">
      <DisplayName>READDATA</DisplayName>
      <RepeatUntillNextTransition>True</RepeatUntillNextTransition>
      <RepeatCount>0</RepeatCount>
      <Action ElementId="IN_DATA0" ActionType="IN_DATA">
        <DataSourceSink>Socket</DataSourceSink>
        <ThreadNumber>Thread0</ThreadNumber>
        <SampleData>True</SampleData>
        <WriteDataIntoDataSink>True</WriteDataIntoDataSink>
      </Action>
    </State>
    <Transition ElementId="TRANSITION0" SourceState="STARTSTATE0" DestinationState="STATE0" Equation="LOGIC_ONE" />
    <Transition ElementId="TRANSITION1" SourceState="STATE0" DestinationState="STATE1" Equation="DMA_RDY_TH1" />
    <Transition ElementId="TRANSITION2" SourceState="STATE1" DestinationState="STATE2" Equation="!DMA_RDY_TH1" />
    <Transition ElementId="TRANSITION3" SourceState="STATE2" DestinationState="STATE0" Equation="!DMA_RDY_TH0" />
    <State ElementId="STATE3" StateType="NormalState">
      <DisplayName>STATE3</DisplayName>
      <RepeatUntillNextTransition>True</RepeatUntillNextTransition>
      <RepeatCount>0</RepeatCount>
    </State>
    <Transition ElementId="TRANSITION4" SourceState="STATE0" DestinationState="STATE3" Equation="FW_TRG" />
  </StateMachine>
</GPIFIIModel>